{
  "parent": "bigstone_sandbox:item/tri_right",
  "display": {
    "thirdperson_righthand": {
      "translation": [
        1.6500000000000001,
        5.34,
        4.25
      ],
      "scale": [
        0.55,
        0.55,
        0.55
      ]
    },
    "thirdperson_lefthand": {
      "translation": [
        1.6500000000000001,
        5.34,
        4.25
      ],
      "scale": [
        0.55,
        0.55,
        0.55
      ]
    },
    "ground": {
      "translation": [
        5.75,
        7.18,
        -0.5
      ],
      "rotation": [
        0,
        90,
        0
      ],
      "scale": [
        0.5,
        0.5,
        0.5
      ]
    },
    "head": {
      "translation": [
        2.5201000000000002,
        9.14,
        0.0001
      ],
      "scale": [
        0.84,
        0.84,
        0.84
      ]
    },
    "fixed": {
      "translation": [
        -12.75,
        14.44,
        -8.1
      ],
      "rotation": [
        0,
        -180,
        0
      ],
      "scale": [
        1,
        1,
        1
      ]
    },
    "on_shelf": {
      "translation": [
        3.0,
        11.24,
        5.75
      ],
      "scale": [
        1,
        1,
        1
      ]
    }
  },
  "gui_light": "front"
}