{
  "parent": "bigstone_sandbox:item/tri_left",
  "display": {
    "thirdperson_righthand": {
      "translation": [
        4.675000000000001,
        6.86,
        4.25
      ],
      "scale": [
        0.55,
        0.55,
        0.55
      ]
    },
    "thirdperson_lefthand": {
      "translation": [
        4.675000000000001,
        6.86,
        4.25
      ],
      "scale": [
        0.55,
        0.55,
        0.55
      ]
    },
    "ground": {
      "translation": [
        8.5,
        8.74,
        -0.5
      ],
      "rotation": [
        0,
        90,
        0
      ],
      "scale": [
        0.5,
        0.5,
        0.5
      ]
    },
    "head": {
      "translation": [
        7.1400999999999994,
        10.48,
        0.0001
      ],
      "scale": [
        0.84,
        0.84,
        0.84
      ]
    },
    "fixed": {
      "translation": [
        -7.25,
        15.68,
        -8.1
      ],
      "rotation": [
        0,
        -180,
        0
      ],
      "scale": [
        1,
        1,
        1
      ]
    },
    "on_shelf": {
      "translation": [
        8.5,
        12.48,
        5.75
      ],
      "scale": [
        1,
        1,
        1
      ]
    }
  },
  "gui_light": "front"
}