{
  "parent": "bigstone_sandbox:item/tri_right",
  "display": {
    "thirdperson_righthand": {
      "translation": [
        -10.450000000000001,
        14.51,
        4.25
      ],
      "scale": [
        0.55,
        0.55,
        0.55
      ]
    },
    "thirdperson_lefthand": {
      "translation": [
        -10.450000000000001,
        14.51,
        4.25
      ],
      "scale": [
        0.55,
        0.55,
        0.55
      ]
    },
    "ground": {
      "translation": [
        -5.25,
        15.69,
        -0.5
      ],
      "rotation": [
        0,
        90,
        0
      ],
      "scale": [
        0.5,
        0.5,
        0.5
      ]
    },
    "head": {
      "translation": [
        -15.959999999999999,
        22.15,
        0
      ],
      "scale": [
        0.84,
        0.84,
        0.84
      ]
    },
    "fixed": {
      "translation": [
        -19,
        26.38,
        -8.1
      ],
      "rotation": [
        0,
        -180,
        0
      ],
      "scale": [
        1,
        1,
        1
      ]
    },
    "on_shelf": {
      "translation": [
        -19,
        26.38,
        5.75
      ],
      "scale": [
        1,
        1,
        1
      ]
    }
  },
  "gui_light": "front"
}